<?xml version="1.0" encoding="UTF-8"?>
<PhysiCell_settings version="devel-version">
	<domain>
		<x_min>-400</x_min>
		<x_max>400</x_max>
		<y_min>-400</y_min>
		<y_max>400</y_max>
		<z_min>-10</z_min>
		<z_max>10</z_max>
		<dx>20</dx>
		<dy>20</dy>
		<dz>20</dz>
		<use_2D>true</use_2D>
	</domain>

	<overall>
		<max_time units="min">16200</max_time> <!--!16200-->
		<time_units>min</time_units>
		<space_units>micron</space_units>

		<dt_diffusion units="min">0.01</dt_diffusion>
		<dt_mechanics units="min">0.1</dt_mechanics>
		<dt_phenotype units="min">6</dt_phenotype>
	</overall>

	<parallel>
		<omp_num_threads>10</omp_num_threads>
	</parallel>

	<options>
		<legacy_random_points_on_sphere_in_divide>false</legacy_random_points_on_sphere_in_divide>
	</options>

	<save>
		<folder>output</folder>

		<full_data>
			<interval units="min">60</interval>
			<enable>true</enable>
		</full_data>

		<SVG>
			<interval units="min">60</interval>
			<enable>true</enable>
		</SVG>

		<legacy_data>
			<enable>false</enable>
		</legacy_data>
	</save>

	<microenvironment_setup>
		<variable ID="3" name="pro-inflammatory cytokine" units="mol/micron^3">
			<physical_parameter_set>
				<diffusion_coefficient units="micron^2/min">555.56</diffusion_coefficient>
				<decay_rate units="1/min">1.02e-2</decay_rate>
			</physical_parameter_set>
			<initial_condition units="mol/micron^3">0</initial_condition>
			<Dirichlet_boundary_condition enabled="false" units="mol/micron^3">0</Dirichlet_boundary_condition>
		</variable>

		<variable ID="4" name="chemokine" units="mol/micron^3">
			<physical_parameter_set>
				<diffusion_coefficient units="micron^2/min">555.56</diffusion_coefficient>
				<decay_rate units="1/min">1.02e-2</decay_rate>
			</physical_parameter_set>
			<initial_condition units="mol/micron^3">0</initial_condition>
			<Dirichlet_boundary_condition enabled="false" units="mol/micron^3">0</Dirichlet_boundary_condition>
		</variable>

		<variable ID="5" name="debris" units="mol/micron^3">
			<physical_parameter_set>
				<diffusion_coefficient units="micron^2/min">555.56</diffusion_coefficient>
				<decay_rate units="1/min">1.02e-2</decay_rate>
			</physical_parameter_set>
			<initial_condition units="mol/micron^3">0</initial_condition>
			<Dirichlet_boundary_condition enabled="false" units="mol/micron^3">0</Dirichlet_boundary_condition>
		</variable>

		<variable ID="7" name="anti-inflammatory cytokine" units="mol/micron^3">
			<physical_parameter_set>
				<diffusion_coefficient units="micron^2/min">555.56</diffusion_coefficient>
				<decay_rate units="1/min">1.02e-2</decay_rate>
			</physical_parameter_set>
			<initial_condition units="mol/micron^3">0</initial_condition>
			<Dirichlet_boundary_condition enabled="false" units="mol/micron^3">0</Dirichlet_boundary_condition>
		</variable>

		<options>
			<calculate_gradients>true</calculate_gradients>
			<track_internalized_substrates_in_each_agent>true</track_internalized_substrates_in_each_agent>

			<initial_condition enabled="false" type="matlab">
				<filename>./config/initial.mat</filename>
			</initial_condition>

			<dirichlet_nodes enabled="false" type="matlab">
				<filename>./config/dirichlet.mat</filename>
			</dirichlet_nodes>
		</options>
	</microenvironment_setup>

	<cell_definitions>
		<cell_definition ID="0" name="default">
			<phenotype>
				<cycle code="6" name="flow_cytometry_separated_cycle_model">

					<phase_transition_rates units="1/min">

						<rate end_index="1" fixed_duration="false" start_index="0">0</rate>


						<rate end_index="2" fixed_duration="true" start_index="1">0.00208333</rate>

						<rate end_index="3" fixed_duration="true" start_index="2">0.00416667</rate>

						<rate end_index="0" fixed_duration="true" start_index="3">0.0166667</rate>
					</phase_transition_rates>
				</cycle>

				<death>
					<model code="100" name="apoptosis">
						<death_rate units="1/min">0</death_rate>
						<phase_transition_rates units="1/min">
							<rate end_index="1" fixed_duration="true" start_index="0">0.00193798</rate>
						</phase_transition_rates>
						<parameters>
							<unlysed_fluid_change_rate units="1/min">0.05</unlysed_fluid_change_rate>
							<lysed_fluid_change_rate units="1/min">0</lysed_fluid_change_rate>
							<cytoplasmic_biomass_change_rate units="1/min">1.66667e-02</cytoplasmic_biomass_change_rate>
							<nuclear_biomass_change_rate units="1/min">5.83333e-03</nuclear_biomass_change_rate>
							<calcification_rate units="1/min">0</calcification_rate>
							<relative_rupture_volume units="dimensionless">2.0</relative_rupture_volume>
						</parameters>
					</model>

					<model code="101" name="necrosis">
						<death_rate units="1/min">0.0</death_rate>
						<phase_transition_rates units="1/min">
							<rate end_index="1" fixed_duration="false" start_index="0">9e9</rate>
							<rate end_index="2" fixed_duration="true" start_index="1">1.15741e-5</rate>
						</phase_transition_rates>
						<parameters>
							<unlysed_fluid_change_rate units="1/min">0.05</unlysed_fluid_change_rate>
							<lysed_fluid_change_rate units="1/min">0</lysed_fluid_change_rate>
							<cytoplasmic_biomass_change_rate units="1/min">1.66667e-02</cytoplasmic_biomass_change_rate>
							<nuclear_biomass_change_rate units="1/min">5.83333e-03</nuclear_biomass_change_rate>
							<calcification_rate units="1/min">0</calcification_rate>
							<relative_rupture_volume units="dimensionless">2.0</relative_rupture_volume>
						</parameters>
					</model>
				</death>

				<volume>
					<total units="micron^3">2494</total>
					<fluid_fraction units="dimensionless">0.75</fluid_fraction>
					<nuclear units="micron^3">540</nuclear>

					<fluid_change_rate units="1/min">0.05</fluid_change_rate>
					<cytoplasmic_biomass_change_rate units="1/min">0.0045</cytoplasmic_biomass_change_rate>
					<nuclear_biomass_change_rate units="1/min">0.0055</nuclear_biomass_change_rate>

					<calcified_fraction units="dimensionless">0</calcified_fraction>
					<calcification_rate units="1/min">0</calcification_rate>

					<relative_rupture_volume units="dimensionless">2.0</relative_rupture_volume>
				</volume>

				<mechanics>
					<cell_cell_adhesion_strength units="micron/min">0.4</cell_cell_adhesion_strength>
					<cell_cell_repulsion_strength units="micron/min">10.0</cell_cell_repulsion_strength>
					<relative_maximum_adhesion_distance units="dimensionless">1.25</relative_maximum_adhesion_distance>

					<options>
						<set_relative_equilibrium_distance enabled="false" units="dimensionless">1.8</set_relative_equilibrium_distance>
						<set_absolute_equilibrium_distance enabled="false" units="micron">15.12</set_absolute_equilibrium_distance>
					</options>
				</mechanics>

				<motility>
					<speed units="micron/min">4</speed>
					<persistence_time units="min">5</persistence_time>
					<migration_bias units="dimensionless">0.7</migration_bias>

					<options>
						<enabled>false</enabled>
						<use_2D>true</use_2D>
						<chemotaxis>
							<enabled>false</enabled>
							<substrate>chemokine</substrate>
							<direction>1</direction>
						</chemotaxis>
					</options>
				</motility>

				<secretion>
					<substrate name="pro-inflammatory cytokine">
						<secretion_target units="dimensionless substrate concentration">1</secretion_target>
						<uptake_rate units="1/min">0.0</uptake_rate>
					</substrate>
					<substrate name="chemokine">
						<secretion_target units="dimensionless substrate concentration">1</secretion_target>
						<uptake_rate units="1/min">0.0</uptake_rate>
					</substrate>
					<substrate name="debris">
						<secretion_target units="dimensionless substrate concentration">1</secretion_target>
						<uptake_rate units="1/min">0.0</uptake_rate>
					</substrate>
					<substrate name="anti-inflammatory cytokine">
						<secretion_target units="dimensionless substrate concentration">1</secretion_target>
						<uptake_rate units="1/min">0.0</uptake_rate>
					</substrate>
				</secretion>
				<molecular />
			</phenotype>
			<custom_data>
				<division_generation description="generation of cell" type="int" units="none">0</division_generation>
				<neoantigen_type description="type of neoantigen (clonal=0, shared=1, and subclonal=2)" type="int" units="none">0</neoantigen_type>
				<last_cycle_entry_time description="last cycle entry time" type="double" units="none">0</last_cycle_entry_time>
				<!--<max_infected_apoptosis_rate description="maximum rate of cell apoptosis due to pathogen infection" type="double" units="1/min">0.002</max_infected_apoptosis_rate>-->
				<max_apoptosis_half_max description="pathogen load at which cells reach half max apoptosis rate" type="double" units="neoantigens">250</max_apoptosis_half_max>
				<!--<apoptosis_hill_power description="Hill power for pathogen load apoptosis response" type="double" units="none">1</apoptosis_hill_power>-->
				<melanoma_cell_chemokine_secretion_rate description="max rate that melanoma cells secrete chemokine" type="double" units="1/min">1</melanoma_cell_chemokine_secretion_rate>
				<debris_secretion_rate description="rate that dead cells release debris" type="double" units="1/min">1</debris_secretion_rate>
				<melanoma_cell_chemokine_secretion_activated description="used internally to track activation of chemokine secretion" type="double" units="none">0</melanoma_cell_chemokine_secretion_activated>

				<TCell_contact_time description="tracks total contact time with CD8 T cells" type="double" units="min">0.0</TCell_contact_time>
				<cell_attachment_rate description="the rate at which the cell attaches to cells in contact" type="double" units="1/min">0</cell_attachment_rate>
				<cell_attachment_lifetime description="the mean duration of a cell-cell attachment" type="double" units="min">0</cell_attachment_lifetime>
				<TCell_contact_death_threshold description="threshold CD8 T cell contact time to trigger apoptosis" type="double" units="min">50</TCell_contact_death_threshold>
				<max_attachment_distance desription="max distance at which to form a cell-cell attachment" type="double" units="micron">15</max_attachment_distance>
				<!-- <elastic_attachment_coefficient description="elastic coefficient for cell-cell attachment" type="double" units="1/min">0.01</elastic_attachment_coefficient>-->

				<time_to_next_phagocytosis description="time it takes for the apoptotic material to be phagocytosed" type="double" units="min">0</time_to_next_phagocytosis>
				<material_internalisation_rate desription="rate material is ingested by phagocyte" type="double" units="micron/min">1</material_internalisation_rate>
				<ability_to_phagocytose_melanoma_cell description="Boolean for whether macrophages can phagocytose melanoma cells" type="int" units="dimensionless">0</ability_to_phagocytose_melanoma_cell>

				<threshold_macrophage_volume desription="Threshold volume for macrophage exhaustion" type="double" units="micron">6500</threshold_macrophage_volume>
				<threshold_neutrophil_volume desription="Threshold volume for neutrophil exhaustion" type="double" units="micron">1581</threshold_neutrophil_volume>

				<exhausted_macrophage_death_rate desription="Threshold volume for neutrophil exhaustion" type="double" units="1/min">0.01</exhausted_macrophage_death_rate>

				<!-- <time_of_DC_departure description="Time DC leaves tissue after activation" type="double" units="min">0</time_of_DC_departure> -->

				<phagocytosis_rate desription="rate of phagocytosing a nearby target" type="double" units="1/min">0.167</phagocytosis_rate>
				<phagocytosis_relative_target_cutoff_size desription="relative target cutoff size for phagocytosis" type="double" units="dimensionless">0</phagocytosis_relative_target_cutoff_size>

				<sensitivity_to_debris_chemotaxis description="relative sensitivity to debris in chemotaxis" type="double" units="dimensionless">1.0</sensitivity_to_debris_chemotaxis>
				<sensitivity_to_chemokine_chemotaxis description="relative sensitivity to chemokine in chemotaxis" type="double" units="dimensionless">10.0</sensitivity_to_chemokine_chemotaxis>

				<activated_speed description="speed after activation" type="double" units="micron/min">0.4</activated_speed>
				<activated_cytokine_secretion_rate description="rate of secreting pro-inflamatory cytokine after activation" type="double" units="1/min">1</activated_cytokine_secretion_rate>

				<activated_immune_cell description="used internally to track activation state" type="double" units="dimensionless">0.0</activated_immune_cell>

				<antiinflammatory_cytokine_secretion_rate description="secretion rate of anti-inflammatory from melanoma cell" type="double" units="1/min">15</antiinflammatory_cytokine_secretion_rate>

			</custom_data>
		</cell_definition>

		<cell_definition ID="1" name="lung cell" parent="default">
			<phenotype>
				<cycle code="6" name="flow_cytometry_separated_cycle_model">

					<phase_transition_rates units="1/min">

						<rate end_index="1" fixed_duration="false" start_index="0">0</rate>

						<rate end_index="2" fixed_duration="true" start_index="1">0.00208333</rate>

						<rate end_index="3" fixed_duration="true" start_index="2">0.00416667</rate>

						<rate end_index="0" fixed_duration="true" start_index="3">0.0166667</rate>
					</phase_transition_rates>
				</cycle>

				<death>
					<model code="100" name="apoptosis">
						<death_rate units="1/min">0</death_rate>
						<phase_transition_rates units="1/min">
							<rate end_index="1" fixed_duration="true" start_index="0">0.00193798</rate>
						</phase_transition_rates>
						<parameters>
							<unlysed_fluid_change_rate units="1/min">0.05</unlysed_fluid_change_rate>
							<lysed_fluid_change_rate units="1/min">0</lysed_fluid_change_rate>
							<cytoplasmic_biomass_change_rate units="1/min">1.66667e-02</cytoplasmic_biomass_change_rate>
							<nuclear_biomass_change_rate units="1/min">5.83333e-03</nuclear_biomass_change_rate>
							<calcification_rate units="1/min">0</calcification_rate>
							<relative_rupture_volume units="dimensionless">2.0</relative_rupture_volume>
						</parameters>
					</model>

					<model code="101" name="necrosis">
						<death_rate units="1/min">0.0</death_rate>
						<phase_transition_rates units="1/min">
							<rate end_index="1" fixed_duration="false" start_index="0">9e9</rate>
							<rate end_index="2" fixed_duration="true" start_index="1">1.15741e-5</rate>
						</phase_transition_rates>
						<parameters>
							<unlysed_fluid_change_rate units="1/min">0.05</unlysed_fluid_change_rate>
							<lysed_fluid_change_rate units="1/min">0</lysed_fluid_change_rate>
							<cytoplasmic_biomass_change_rate units="1/min">1.66667e-02</cytoplasmic_biomass_change_rate>
							<nuclear_biomass_change_rate units="1/min">5.83333e-03</nuclear_biomass_change_rate>
							<calcification_rate units="1/min">0</calcification_rate>
							<relative_rupture_volume units="dimensionless">2.0</relative_rupture_volume>
						</parameters>
					</model>
				</death>

				<volume>
					<total units="micron^3">2494</total>
					<fluid_fraction units="dimensionless">0.75</fluid_fraction>
					<nuclear units="micron^3">540</nuclear>

					<fluid_change_rate units="1/min">0.05</fluid_change_rate>
					<cytoplasmic_biomass_change_rate units="1/min">0.0045</cytoplasmic_biomass_change_rate>
					<nuclear_biomass_change_rate units="1/min">0.0055</nuclear_biomass_change_rate>

					<calcified_fraction units="dimensionless">0</calcified_fraction>
					<calcification_rate units="1/min">0</calcification_rate>

					<relative_rupture_volume units="dimensionless">2.0</relative_rupture_volume>
				</volume>

				<mechanics>
					<cell_cell_adhesion_strength units="micron/min">0.4</cell_cell_adhesion_strength>
					<cell_cell_repulsion_strength units="micron/min">10.0</cell_cell_repulsion_strength>
					<relative_maximum_adhesion_distance units="dimensionless">1.25</relative_maximum_adhesion_distance>

					<options>
						<set_relative_equilibrium_distance enabled="false" units="dimensionless">1.8</set_relative_equilibrium_distance>
						<set_absolute_equilibrium_distance enabled="false" units="micron">15.12</set_absolute_equilibrium_distance>
					</options>
				</mechanics>

				<motility>
					<speed units="micron/min">4</speed>
					<persistence_time units="min">5</persistence_time>
					<migration_bias units="dimensionless">0.7</migration_bias>

					<options>
						<enabled>false</enabled>
						<use_2D>true</use_2D>
						<chemotaxis>
							<enabled>false</enabled>
							<substrate>chemokine</substrate>
							<direction>1</direction>
						</chemotaxis>
					</options>
				</motility>

				<secretion>
					<substrate name="pro-inflammatory cytokine">
						<secretion_target units="dimensionless substrate concentration">1</secretion_target>
						<uptake_rate units="1/min">0.0</uptake_rate>
					</substrate>
					<substrate name="chemokine">
						<secretion_target units="dimensionless substrate concentration">1</secretion_target>
						<uptake_rate units="1/min">0.0</uptake_rate>
					</substrate>
					<substrate name="debris">
						<secretion_target units="dimensionless substrate concentration">1</secretion_target>
						<uptake_rate units="1/min">0.0</uptake_rate>
					</substrate>
					<substrate name="anti-inflammatory cytokine">
						<secretion_target units="dimensionless substrate concentration">1</secretion_target>
						<uptake_rate units="1/min">0.0</uptake_rate>
					</substrate>
				</secretion>
				<molecular />
			</phenotype>
			<custom_data>
				<division_generation description="generation of cell" type="int" units="none">0</division_generation>
				<neoantigen_type description="type of neoantigen (clonal=0, shared=1, and subclonal=2)" type="int" units="none">0</neoantigen_type>
				<last_cycle_entry_time description="last cycle entry time" type="double" units="none">0</last_cycle_entry_time>
				<!--<max_infected_apoptosis_rate description="maximum rate of cell apoptosis due to pathogen infection" type="double" units="1/min">0.002</max_infected_apoptosis_rate>-->
				<max_apoptosis_half_max description="pathogen load at which cells reach half max apoptosis rate" type="double" units="neoantigens">250</max_apoptosis_half_max>
				<!--<apoptosis_hill_power description="Hill power for pathogen load apoptosis response" type="double" units="none">1</apoptosis_hill_power>-->
				<melanoma_cell_chemokine_secretion_rate description="max rate that melanoma cells secrete chemokine" type="double" units="1/min">1</melanoma_cell_chemokine_secretion_rate>
				<debris_secretion_rate description="rate that dead cells release debris" type="double" units="1/min">1</debris_secretion_rate>
				<melanoma_cell_chemokine_secretion_activated description="used internally to track activation of chemokine secretion" type="double" units="none">0</melanoma_cell_chemokine_secretion_activated>

				<TCell_contact_time description="tracks total contact time with CD8 T cells" type="double" units="min">0.0</TCell_contact_time>
				<cell_attachment_rate description="the rate at which the cell attaches to cells in contact" type="double" units="1/min">0</cell_attachment_rate>
				<cell_attachment_lifetime description="the mean duration of a cell-cell attachment" type="double" units="min">0</cell_attachment_lifetime>
				<TCell_contact_death_threshold description="threshold CD8 T cell contact time to trigger apoptosis" type="double" units="min">50</TCell_contact_death_threshold>
				<max_attachment_distance desription="max distance at which to form a cell-cell attachment" type="double" units="micron">15</max_attachment_distance>
				<!-- <elastic_attachment_coefficient description="elastic coefficient for cell-cell attachment" type="double" units="1/min">0.01</elastic_attachment_coefficient>-->

				<time_to_next_phagocytosis description="time it takes for the apoptotic material to be phagocytosed" type="double" units="min">0</time_to_next_phagocytosis>
				<material_internalisation_rate desription="rate material is ingested by phagocyte" type="double" units="micron/min">1</material_internalisation_rate>
				<ability_to_phagocytose_melanoma_cell description="Boolean for whether macrophages can phagocytose melanoma cells" type="int" units="dimensionless">0</ability_to_phagocytose_melanoma_cell>

				<threshold_macrophage_volume desription="Threshold volume for macrophage exhaustion" type="double" units="micron">6500</threshold_macrophage_volume>
				<threshold_neutrophil_volume desription="Threshold volume for neutrophil exhaustion" type="double" units="micron">1581</threshold_neutrophil_volume>

				<exhausted_macrophage_death_rate desription="Threshold volume for neutrophil exhaustion" type="double" units="1/min">0.01</exhausted_macrophage_death_rate>

				<!-- <time_of_DC_departure description="Time DC leaves tissue after activation" type="double" units="min">0</time_of_DC_departure> -->

				<phagocytosis_rate desription="rate of phagocytosing a nearby target" type="double" units="1/min">0.167</phagocytosis_rate>
				<phagocytosis_relative_target_cutoff_size description="relative target cutoff size for phagocytosis" type="double" units="dimensionless">0</phagocytosis_relative_target_cutoff_size>

				<sensitivity_to_debris_chemotaxis description="relative sensitivity to debris in chemotaxis" type="double" units="dimensionless">1.0</sensitivity_to_debris_chemotaxis>
				<sensitivity_to_chemokine_chemotaxis description="relative sensitivity to chemokine in chemotaxis" type="double" units="dimensionless">10.0</sensitivity_to_chemokine_chemotaxis>

				<activated_speed description="speed after activation" type="double" units="micron/min">0.4</activated_speed>
				<activated_cytokine_secretion_rate description="rate of secreting pro-inflamatory cytokine after activation" type="double" units="1/min">1</activated_cytokine_secretion_rate>

				<activated_immune_cell description="used internally to track activation state" type="double" units="dimensionless">0.0</activated_immune_cell>

				<antiinflammatory_cytokine_secretion_rate description="secretion rate of anti-inflammatory from infected epithelium cell" type="double" units="1/min">15</antiinflammatory_cytokine_secretion_rate>
			</custom_data>
		</cell_definition>

		<cell_definition ID="2" name="melanoma cell" parent="default">
			<phenotype>
				<cycle code="6" name="flow_cytometry_separated_cycle_model">

					<phase_transition_rates units="1/min">

						<rate end_index="1" fixed_duration="false" start_index="0">0</rate>

						<rate end_index="2" fixed_duration="true" start_index="1">0.00208333</rate>

						<rate end_index="3" fixed_duration="true" start_index="2">0.00416667</rate>

						<rate end_index="0" fixed_duration="true" start_index="3">0.0166667</rate>
					</phase_transition_rates>
				</cycle>

				<death>
					<model code="100" name="apoptosis">
						<death_rate units="1/min">0</death_rate>
						<phase_transition_rates units="1/min">
							<rate end_index="1" fixed_duration="true" start_index="0">0.00193798</rate>
						</phase_transition_rates>
						<parameters>
							<unlysed_fluid_change_rate units="1/min">0.05</unlysed_fluid_change_rate>
							<lysed_fluid_change_rate units="1/min">0</lysed_fluid_change_rate>
							<cytoplasmic_biomass_change_rate units="1/min">1.66667e-02</cytoplasmic_biomass_change_rate>
							<nuclear_biomass_change_rate units="1/min">5.83333e-03</nuclear_biomass_change_rate>
							<calcification_rate units="1/min">0</calcification_rate>
							<relative_rupture_volume units="dimensionless">2.0</relative_rupture_volume>
						</parameters>
					</model>

					<model code="101" name="necrosis">
						<death_rate units="1/min">0.0</death_rate>
						<phase_transition_rates units="1/min">
							<rate end_index="1" fixed_duration="false" start_index="0">9e9</rate>
							<rate end_index="2" fixed_duration="true" start_index="1">1.15741e-5</rate>
						</phase_transition_rates>
						<parameters>
							<unlysed_fluid_change_rate units="1/min">0.05</unlysed_fluid_change_rate>
							<lysed_fluid_change_rate units="1/min">0</lysed_fluid_change_rate>
							<cytoplasmic_biomass_change_rate units="1/min">1.66667e-02</cytoplasmic_biomass_change_rate>
							<nuclear_biomass_change_rate units="1/min">5.83333e-03</nuclear_biomass_change_rate>
							<calcification_rate units="1/min">0</calcification_rate>
							<relative_rupture_volume units="dimensionless">2.0</relative_rupture_volume>
						</parameters>
					</model>
				</death>

				<volume>
					<total units="micron^3">2494</total>
					<fluid_fraction units="dimensionless">0.75</fluid_fraction>
					<nuclear units="micron^3">540</nuclear>

					<fluid_change_rate units="1/min">0.05</fluid_change_rate>
					<cytoplasmic_biomass_change_rate units="1/min">0.0045</cytoplasmic_biomass_change_rate>
					<nuclear_biomass_change_rate units="1/min">0.0055</nuclear_biomass_change_rate>

					<calcified_fraction units="dimensionless">0</calcified_fraction>
					<calcification_rate units="1/min">0</calcification_rate>

					<relative_rupture_volume units="dimensionless">2.0</relative_rupture_volume>
				</volume>

				<mechanics>
					<cell_cell_adhesion_strength units="micron/min">0.4</cell_cell_adhesion_strength>
					<cell_cell_repulsion_strength units="micron/min">10.0</cell_cell_repulsion_strength>
					<relative_maximum_adhesion_distance units="dimensionless">1.25</relative_maximum_adhesion_distance>

					<options>
						<set_relative_equilibrium_distance enabled="false" units="dimensionless">1.8</set_relative_equilibrium_distance>
						<set_absolute_equilibrium_distance enabled="false" units="micron">15.12</set_absolute_equilibrium_distance>
					</options>
				</mechanics>

				<motility>
					<speed units="micron/min">4</speed>
					<persistence_time units="min">5</persistence_time>
					<migration_bias units="dimensionless">0.7</migration_bias>

					<options>
						<enabled>false</enabled>
						<use_2D>true</use_2D>
						<chemotaxis>
							<enabled>false</enabled>
							<substrate>chemokine</substrate>
							<direction>1</direction>
						</chemotaxis>
					</options>
				</motility>

				<secretion>
					<substrate name="pro-inflammatory cytokine">
						<secretion_target units="dimensionless substrate concentration">1</secretion_target>
						<uptake_rate units="1/min">0.0</uptake_rate>
					</substrate>
					<substrate name="chemokine">
						<secretion_target units="dimensionless substrate concentration">1</secretion_target>
						<uptake_rate units="1/min">0.0</uptake_rate>
					</substrate>
					<substrate name="debris">
						<secretion_target units="dimensionless substrate concentration">1</secretion_target>
						<uptake_rate units="1/min">0.0</uptake_rate>
					</substrate>
					<substrate name="anti-inflammatory cytokine">
						<secretion_target units="dimensionless substrate concentration">1</secretion_target>
						<uptake_rate units="1/min">0.0</uptake_rate>
					</substrate>
				</secretion>
				<molecular />
			</phenotype>
			<custom_data>
				<division_generation description="generation of cell" type="int" units="none">0</division_generation>
				<neoantigen_type description="type of neoantigen (clonal=0, shared=1, and subclonal=2)" type="int" units="none">0</neoantigen_type>
				<last_cycle_entry_time description="last cycle entry time" type="double" units="none">0</last_cycle_entry_time>
				<!--<max_infected_apoptosis_rate description="maximum rate of cell apoptosis due to pathogen infection" type="double" units="1/min">0.002</max_infected_apoptosis_rate>-->
				<max_apoptosis_half_max description="pathogen load at which cells reach half max apoptosis rate" type="double" units="neoantigens">250</max_apoptosis_half_max>
				<!--<apoptosis_hill_power description="Hill power for pathogen load apoptosis response" type="double" units="none">1</apoptosis_hill_power>-->
				<melanoma_cell_chemokine_secretion_rate description="max rate that melanoma cells secrete chemokine" type="double" units="1/min">1</melanoma_cell_chemokine_secretion_rate>
				<debris_secretion_rate description="rate that dead cells release debris" type="double" units="1/min">1</debris_secretion_rate>
				<melanoma_cell_chemokine_secretion_activated description="used internally to track activation of chemokine secretion" type="double" units="none">0</melanoma_cell_chemokine_secretion_activated>

				<TCell_contact_time description="tracks total contact time with CD8 T cells" type="double" units="min">0.0</TCell_contact_time>
				<cell_attachment_rate description="the rate at which the cell attaches to cells in contact" type="double" units="1/min">0</cell_attachment_rate>
				<cell_attachment_lifetime description="the mean duration of a cell-cell attachment" type="double" units="min">0</cell_attachment_lifetime>
				<TCell_contact_death_threshold description="threshold CD8 T cell contact time to trigger apoptosis" type="double" units="min">50</TCell_contact_death_threshold>
				<max_attachment_distance desription="max distance at which to form a cell-cell attachment" type="double" units="micron">15</max_attachment_distance>
				<!-- <elastic_attachment_coefficient description="elastic coefficient for cell-cell attachment" type="double" units="1/min">0.01</elastic_attachment_coefficient>-->

				<time_to_next_phagocytosis description="time it takes for the apoptotic material to be phagocytosed" type="double" units="min">0</time_to_next_phagocytosis>
				<material_internalisation_rate desription="rate material is ingested by phagocyte" type="double" units="micron/min">1</material_internalisation_rate>
				<ability_to_phagocytose_melanoma_cell description="Boolean for whether macrophages can phagocytose melanoma cells" type="int" units="dimensionless">0</ability_to_phagocytose_melanoma_cell>

				<threshold_macrophage_volume desription="Threshold volume for macrophage exhaustion" type="double" units="micron">6500</threshold_macrophage_volume>
				<threshold_neutrophil_volume desription="Threshold volume for neutrophil exhaustion" type="double" units="micron">1581</threshold_neutrophil_volume>

				<exhausted_macrophage_death_rate desription="Threshold volume for neutrophil exhaustion" type="double" units="1/min">0.01</exhausted_macrophage_death_rate>

				<!-- <time_of_DC_departure description="Time DC leaves tissue after activation" type="double" units="min">0</time_of_DC_departure> -->

				<phagocytosis_rate desription="rate of phagocytosing a nearby target" type="double" units="1/min">0.167</phagocytosis_rate>
				<phagocytosis_relative_target_cutoff_size description="relative target cutoff size for phagocytosis" type="double" units="dimensionless">0</phagocytosis_relative_target_cutoff_size>

				<sensitivity_to_debris_chemotaxis description="relative sensitivity to debris in chemotaxis" type="double" units="dimensionless">1.0</sensitivity_to_debris_chemotaxis>
				<sensitivity_to_chemokine_chemotaxis description="relative sensitivity to chemokine in chemotaxis" type="double" units="dimensionless">10.0</sensitivity_to_chemokine_chemotaxis>

				<activated_speed description="speed after activation" type="double" units="micron/min">0.4</activated_speed>
				<activated_cytokine_secretion_rate description="rate of secreting pro-inflamatory cytokine after activation" type="double" units="1/min">1</activated_cytokine_secretion_rate>

				<activated_immune_cell description="used internally to track activation state" type="double" units="dimensionless">0.0</activated_immune_cell>

				<antiinflammatory_cytokine_secretion_rate description="secretion rate of anti-inflammatory from infected epithelium cell" type="double" units="1/min">15</antiinflammatory_cytokine_secretion_rate>
			</custom_data>
		</cell_definition>

		<cell_definition ID="3" name="CD8 Tcell" parent="default">
			<phenotype>
				<cycle code="6" name="flow_cytometry_separated_cycle_model">

					<phase_transition_rates units="1/min">

						<rate end_index="1" fixed_duration="false" start_index="0">0</rate>


						<rate end_index="2" fixed_duration="true" start_index="1">0.00208333</rate>

						<rate end_index="3" fixed_duration="true" start_index="2">0.00416667</rate>

						<rate end_index="0" fixed_duration="true" start_index="3">0.0166667</rate>
					</phase_transition_rates>
				</cycle>

				<death>
					<model code="100" name="apoptosis">
						<death_rate units="1/min">2.8e-4</death_rate>
						<phase_transition_rates units="1/min">
							<rate end_index="1" fixed_duration="true" start_index="0">0.00193798</rate>
						</phase_transition_rates>
						<parameters>
							<unlysed_fluid_change_rate units="1/min">0.05</unlysed_fluid_change_rate>
							<lysed_fluid_change_rate units="1/min">0</lysed_fluid_change_rate>
							<cytoplasmic_biomass_change_rate units="1/min">1.66667e-02</cytoplasmic_biomass_change_rate>
							<nuclear_biomass_change_rate units="1/min">5.83333e-03</nuclear_biomass_change_rate>
							<calcification_rate units="1/min">0</calcification_rate>
							<relative_rupture_volume units="dimensionless">2.0</relative_rupture_volume>
						</parameters>
					</model>

					<model code="101" name="necrosis">
						<death_rate units="1/min">0.0</death_rate>
						<phase_transition_rates units="1/min">
							<rate end_index="1" fixed_duration="false" start_index="0">9e9</rate>
							<rate end_index="2" fixed_duration="true" start_index="1">1.15741e-5</rate>
						</phase_transition_rates>
						<parameters>
							<unlysed_fluid_change_rate units="1/min">0.05</unlysed_fluid_change_rate>
							<lysed_fluid_change_rate units="1/min">0</lysed_fluid_change_rate>
							<cytoplasmic_biomass_change_rate units="1/min">1.66667e-02</cytoplasmic_biomass_change_rate>
							<nuclear_biomass_change_rate units="1/min">5.83333e-03</nuclear_biomass_change_rate>
							<calcification_rate units="1/min">0</calcification_rate>
							<relative_rupture_volume units="dimensionless">2.0</relative_rupture_volume>
						</parameters>
					</model>
				</death>

				<volume>
					<total units="micron^3">478</total>
					<fluid_fraction units="dimensionless">0.75</fluid_fraction>
					<nuclear units="micron^3">47.8</nuclear>

					<fluid_change_rate units="1/min">0.05</fluid_change_rate>
					<cytoplasmic_biomass_change_rate units="1/min">0.0045</cytoplasmic_biomass_change_rate>
					<nuclear_biomass_change_rate units="1/min">0.0055</nuclear_biomass_change_rate>

					<calcified_fraction units="dimensionless">0</calcified_fraction>
					<calcification_rate units="1/min">0</calcification_rate>

					<relative_rupture_volume units="dimensionless">2.0</relative_rupture_volume>
				</volume>

				<mechanics>
					<cell_cell_adhesion_strength units="micron/min">0.4</cell_cell_adhesion_strength>
					<cell_cell_repulsion_strength units="micron/min">10.0</cell_cell_repulsion_strength>
					<relative_maximum_adhesion_distance units="dimensionless">1.25</relative_maximum_adhesion_distance>

					<options>
						<set_relative_equilibrium_distance enabled="false" units="dimensionless">1.8</set_relative_equilibrium_distance>
						<set_absolute_equilibrium_distance enabled="false" units="micron">15.12</set_absolute_equilibrium_distance>
					</options>
				</mechanics>

				<motility>
					<speed units="micron/min">4</speed>
					<persistence_time units="min">5</persistence_time>
					<migration_bias units="dimensionless">0.70</migration_bias>

					<options>
						<enabled>true</enabled>
						<use_2D>true</use_2D>
						<chemotaxis>
							<enabled>true</enabled>
							<substrate>chemokine</substrate>
							<direction>1</direction>
						</chemotaxis>
					</options>
				</motility>

				<secretion>
					<substrate name="pro-inflammatory cytokine">
						<secretion_target units="dimensionless substrate concentration">1</secretion_target>
						<uptake_rate units="1/min">0.01</uptake_rate>
					</substrate>
					<substrate name="chemokine">
						<secretion_target units="dimensionless substrate concentration">1</secretion_target>
						<uptake_rate units="1/min">0.01</uptake_rate>
					</substrate>
					<substrate name="debris">
						<secretion_target units="dimensionless substrate concentration">1</secretion_target>
						<uptake_rate units="1/min">0.1</uptake_rate>
					</substrate>
					<substrate name="anti-inflammatory cytokine">
						<secretion_target units="dimensionless substrate concentration">1</secretion_target>
						<uptake_rate units="1/min">0.0</uptake_rate>
					</substrate>
				</secretion>
				<molecular />
			</phenotype>
			<custom_data>
				<division_generation description="generation of cell" type="int" units="none">0</division_generation>
				<neoantigen_type description="type of neoantigen (clonal=0, shared=1, and subclonal=2)" type="int" units="none">0</neoantigen_type>
				<last_cycle_entry_time description="last cycle entry time" type="double" units="none">0</last_cycle_entry_time>
				<!--<max_infected_apoptosis_rate description="maximum rate of cell apoptosis due to pathogen infection" type="double" units="1/min">0.002</max_infected_apoptosis_rate>-->
				<max_apoptosis_half_max description="pathogen load at which cells reach half max apoptosis rate" type="double" units="neoantigens">250</max_apoptosis_half_max>
				<!--<apoptosis_hill_power description="Hill power for pathogen load apoptosis response" type="double" units="none">1</apoptosis_hill_power>-->
				<melanoma_cell_chemokine_secretion_rate description="max rate that melanoma cells secrete chemokine" type="double" units="1/min">1</melanoma_cell_chemokine_secretion_rate>
				<debris_secretion_rate description="rate that dead cells release debris" type="double" units="1/min">1</debris_secretion_rate>
				<melanoma_cell_chemokine_secretion_activated description="used internally to track activation of chemokine secretion" type="double" units="none">0</melanoma_cell_chemokine_secretion_activated>

				<TCell_contact_time description="tracks total contact time with CD8 T cells" type="double" units="min">0.0</TCell_contact_time>
				<cell_attachment_rate description="the rate at which the cell attaches to cells in contact" type="double" units="1/min">0.2</cell_attachment_rate>
				<cell_attachment_lifetime description="the mean duration of a cell-cell attachment" type="double" units="min">8.5</cell_attachment_lifetime>
				<TCell_contact_death_threshold description="threshold CD8 T cell contact time to trigger apoptosis" type="double" units="min">50</TCell_contact_death_threshold>
				<max_attachment_distance desription="max distance at which to form a cell-cell attachment" type="double" units="micron">15</max_attachment_distance>
				<!-- <elastic_attachment_coefficient description="elastic coefficient for cell-cell attachment" type="double" units="1/min">0.01</elastic_attachment_coefficient>-->

				<time_to_next_phagocytosis description="time it takes for the apoptotic material to be phagocytosed" type="double" units="min">0</time_to_next_phagocytosis>
				<material_internalisation_rate desription="rate material is ingested by phagocyte" type="double" units="micron/min">1</material_internalisation_rate>
				<ability_to_phagocytose_melanoma_cell description="Boolean for whether macrophages can phagocytose melanoma cells" type="int" units="dimensionless">0</ability_to_phagocytose_melanoma_cell>

				<threshold_macrophage_volume desription="Threshold volume for macrophage exhaustion" type="double" units="micron">6500</threshold_macrophage_volume>
				<threshold_neutrophil_volume desription="Threshold volume for neutrophil exhaustion" type="double" units="micron">1581</threshold_neutrophil_volume>

				<exhausted_macrophage_death_rate desription="Threshold volume for neutrophil exhaustion" type="double" units="1/min">0.01</exhausted_macrophage_death_rate>

				<!-- <time_of_DC_departure description="Time DC leaves tissue after activation" type="double" units="min">0</time_of_DC_departure> -->

				<phagocytosis_rate desription="rate of phagocytosing a nearby target" type="double" units="1/min">0.167</phagocytosis_rate>
				<phagocytosis_relative_target_cutoff_size desription="relative target cutoff size for phagocytosis" type="double" units="dimensionless">0</phagocytosis_relative_target_cutoff_size>

				<sensitivity_to_debris_chemotaxis description="relative sensitivity to debris in chemotaxis" type="double" units="dimensionless">1.0</sensitivity_to_debris_chemotaxis>
				<sensitivity_to_chemokine_chemotaxis description="relative sensitivity to chemokine in chemotaxis" type="double" units="dimensionless">10.0</sensitivity_to_chemokine_chemotaxis>

				<activated_speed description="speed after activation" type="double" units="micron/min">0.4</activated_speed>
				<activated_cytokine_secretion_rate description="rate of secreting pro-inflamatory cytokine after activation" type="double" units="1/min">1</activated_cytokine_secretion_rate>

				<activated_immune_cell description="used internally to track activation state" type="double" units="dimensionless">0.0</activated_immune_cell>

				<antiinflammatory_cytokine_secretion_rate description="secretion rate of anti-inflammatory from infected epithelium cell" type="double" units="1/min">15</antiinflammatory_cytokine_secretion_rate>

			</custom_data>
		</cell_definition>

		<cell_definition ID="4" name="macrophage" parent="default">
			<phenotype>
				<cycle code="6" name="flow_cytometry_separated_cycle_model">

					<phase_transition_rates units="1/min">

						<rate end_index="1" fixed_duration="false" start_index="0">0</rate>


						<rate end_index="2" fixed_duration="true" start_index="1">0.00208333</rate>

						<rate end_index="3" fixed_duration="true" start_index="2">0.00416667</rate>

						<rate end_index="0" fixed_duration="true" start_index="3">0.0166667</rate>
					</phase_transition_rates>
				</cycle>

				<death>
					<model code="100" name="apoptosis">
						<death_rate units="1/min">2.1e-4</death_rate>
						<phase_transition_rates units="1/min">
							<rate end_index="1" fixed_duration="true" start_index="0">0.00193798</rate>
						</phase_transition_rates>
						<parameters>
							<unlysed_fluid_change_rate units="1/min">0.05</unlysed_fluid_change_rate>
							<lysed_fluid_change_rate units="1/min">0</lysed_fluid_change_rate>
							<cytoplasmic_biomass_change_rate units="1/min">1.66667e-02</cytoplasmic_biomass_change_rate>
							<nuclear_biomass_change_rate units="1/min">5.83333e-03</nuclear_biomass_change_rate>
							<calcification_rate units="1/min">0</calcification_rate>
							<relative_rupture_volume units="dimensionless">2.0</relative_rupture_volume>
						</parameters>
					</model>

					<model code="101" name="necrosis">
						<death_rate units="1/min">0.0</death_rate>
						<phase_transition_rates units="1/min">
							<rate end_index="1" fixed_duration="false" start_index="0">9e9</rate>
							<rate end_index="2" fixed_duration="true" start_index="1">1.15741e-5</rate>
						</phase_transition_rates>
						<parameters>
							<unlysed_fluid_change_rate units="1/min">0.05</unlysed_fluid_change_rate>
							<lysed_fluid_change_rate units="1/min">0</lysed_fluid_change_rate>
							<cytoplasmic_biomass_change_rate units="1/min">1.66667e-02</cytoplasmic_biomass_change_rate>
							<nuclear_biomass_change_rate units="1/min">5.83333e-03</nuclear_biomass_change_rate>
							<calcification_rate units="1/min">0</calcification_rate>
							<relative_rupture_volume units="dimensionless">2.0</relative_rupture_volume>
						</parameters>
					</model>
				</death>

				<volume>
					<total units="micron^3">4849</total>
					<fluid_fraction units="dimensionless">0.75</fluid_fraction>
					<nuclear units="micron^3">485</nuclear>

					<fluid_change_rate units="1/min">0.05</fluid_change_rate>
					<cytoplasmic_biomass_change_rate units="1/min">0.01</cytoplasmic_biomass_change_rate>
					<nuclear_biomass_change_rate units="1/min">0.0055</nuclear_biomass_change_rate>

					<calcified_fraction units="dimensionless">0</calcified_fraction>
					<calcification_rate units="1/min">0</calcification_rate>

					<relative_rupture_volume units="dimensionless">2.0</relative_rupture_volume>
				</volume>

				<mechanics>
					<cell_cell_adhesion_strength units="micron/min">0.4</cell_cell_adhesion_strength>
					<cell_cell_repulsion_strength units="micron/min">10.0</cell_cell_repulsion_strength>
					<relative_maximum_adhesion_distance units="dimensionless">1.25</relative_maximum_adhesion_distance>

					<options>
						<set_relative_equilibrium_distance enabled="false" units="dimensionless">1.8</set_relative_equilibrium_distance>
						<set_absolute_equilibrium_distance enabled="false" units="micron">15.12</set_absolute_equilibrium_distance>
					</options>
				</mechanics>

				<motility>
					<speed units="micron/min">4</speed>
					<persistence_time units="min">5</persistence_time>
					<migration_bias units="dimensionless">0.7</migration_bias>

					<options>
						<enabled>true</enabled>
						<use_2D>true</use_2D>
						<chemotaxis>
							<enabled>true</enabled>
							<substrate>debris</substrate>
							<direction>1</direction>
						</chemotaxis>
					</options>
				</motility>

				<secretion>
					<substrate name="pro-inflammatory cytokine">
						<secretion_target units="dimensionless substrate concentration">1</secretion_target>
						<uptake_rate units="1/min">0.01</uptake_rate>
					</substrate>
					<substrate name="chemokine">
						<secretion_target units="dimensionless substrate concentration">1</secretion_target>
						<uptake_rate units="1/min">0.01</uptake_rate>
					</substrate>
					<substrate name="debris">
						<secretion_target units="dimensionless substrate concentration">1</secretion_target>
						<uptake_rate units="1/min">0.1</uptake_rate>
					</substrate>
					<substrate name="anti-inflammatory cytokine">
						<secretion_target units="dimensionless substrate concentration">1</secretion_target>
						<uptake_rate units="1/min">0.0</uptake_rate>
					</substrate>
				</secretion>
				<molecular />
			</phenotype>
			<custom_data>
				<division_generation description="generation of cell" type="int" units="none">0</division_generation>
				<neoantigen_type description="type of neoantigen (clonal=0, shared=1, and subclonal=2)" type="int" units="none">0</neoantigen_type>
				<last_cycle_entry_time description="last cycle entry time" type="double" units="none">0</last_cycle_entry_time>
				<!--<max_infected_apoptosis_rate description="maximum rate of cell apoptosis due to pathogen infection" type="double" units="1/min">0.002</max_infected_apoptosis_rate>-->
				<max_apoptosis_half_max description="pathogen load at which cells reach half max apoptosis rate" type="double" units="neoantigens">250</max_apoptosis_half_max>
				<!--<apoptosis_hill_power description="Hill power for pathogen load apoptosis response" type="double" units="none">1</apoptosis_hill_power>-->
				<melanoma_cell_chemokine_secretion_rate description="max rate that melanoma cells secrete chemokine" type="double" units="1/min">1</melanoma_cell_chemokine_secretion_rate>
				<debris_secretion_rate description="rate that dead cells release debris" type="double" units="1/min">1</debris_secretion_rate>
				<melanoma_cell_chemokine_secretion_activated description="used internally to track activation of chemokine secretion" type="double" units="none">0</melanoma_cell_chemokine_secretion_activated>

				<TCell_contact_time description="tracks total contact time with CD8 T cells" type="double" units="min">0.0</TCell_contact_time>
				<cell_attachment_rate description="the rate at which the cell attaches to cells in contact" type="double" units="1/min">0</cell_attachment_rate>
				<cell_attachment_lifetime description="the mean duration of a cell-cell attachment" type="double" units="min">0</cell_attachment_lifetime>
				<TCell_contact_death_threshold description="threshold CD8 T cell contact time to trigger apoptosis" type="double" units="min">50</TCell_contact_death_threshold>
				<max_attachment_distance desription="max distance at which to form a cell-cell attachment" type="double" units="micron">15</max_attachment_distance>
				<!-- <elastic_attachment_coefficient description="elastic coefficient for cell-cell attachment" type="double" units="1/min">0.01</elastic_attachment_coefficient>-->

				<time_to_next_phagocytosis description="time it takes for the apoptotic material to be phagocytosed" type="double" units="min">0</time_to_next_phagocytosis>
				<material_internalisation_rate desription="rate material is ingested by phagocyte" type="double" units="micron/min">1</material_internalisation_rate>
				<ability_to_phagocytose_melanoma_cell description="Boolean for whether macrophages can phagocytose melanoma cells" type="int" units="dimensionless">0</ability_to_phagocytose_melanoma_cell>

				<threshold_macrophage_volume desription="Threshold volume for macrophage exhaustion" type="double" units="micron">6500</threshold_macrophage_volume>
				<threshold_neutrophil_volume desription="Threshold volume for neutrophil exhaustion" type="double" units="micron">1581</threshold_neutrophil_volume>

				<exhausted_macrophage_death_rate desription="Threshold volume for neutrophil exhaustion" type="double" units="1/min">0.01</exhausted_macrophage_death_rate>

				<!-- <time_of_DC_departure description="Time DC leaves tissue after activation" type="double" units="min">0</time_of_DC_departure> -->

				<phagocytosis_rate desription="rate of phagocytosing a nearby target" type="double" units="1/min">0.167</phagocytosis_rate>
				<phagocytosis_relative_target_cutoff_size desription="relative target cutoff size for phagocytosis" type="double" units="dimensionless">0</phagocytosis_relative_target_cutoff_size>

				<sensitivity_to_debris_chemotaxis description="relative sensitivity to debris in chemotaxis" type="double" units="dimensionless">1.0</sensitivity_to_debris_chemotaxis>
				<sensitivity_to_chemokine_chemotaxis description="relative sensitivity to chemokine in chemotaxis" type="double" units="dimensionless">10.0</sensitivity_to_chemokine_chemotaxis>

				<activated_speed description="speed after activation" type="double" units="micron/min">0.4</activated_speed>
				<activated_cytokine_secretion_rate description="rate of secreting pro-inflamatory cytokine after activation" type="double" units="1/min">1</activated_cytokine_secretion_rate>

				<activated_immune_cell description="used internally to track activation state" type="double" units="dimensionless">0.0</activated_immune_cell>

				<antiinflammatory_cytokine_secretion_rate description="secretion rate of anti-inflammatory from infected epithelium cell" type="double" units="1/min">15</antiinflammatory_cytokine_secretion_rate>

			</custom_data>
		</cell_definition>

		<cell_definition ID="5" name="neutrophil" parent="default">
			<phenotype>
				<cycle code="6" name="flow_cytometry_separated_cycle_model">

					<phase_transition_rates units="1/min">

						<rate end_index="1" fixed_duration="false" start_index="0">0</rate>


						<rate end_index="2" fixed_duration="true" start_index="1">0.00208333</rate>

						<rate end_index="3" fixed_duration="true" start_index="2">0.00416667</rate>

						<rate end_index="0" fixed_duration="true" start_index="3">0.0166667</rate>
					</phase_transition_rates>
				</cycle>

				<death>
					<model code="100" name="apoptosis">
						<death_rate units="1/min">8.9e-4</death_rate>
						<phase_transition_rates units="1/min">
							<rate end_index="1" fixed_duration="true" start_index="0">0.00193798</rate>
						</phase_transition_rates>
						<parameters>
							<unlysed_fluid_change_rate units="1/min">0.05</unlysed_fluid_change_rate>
							<lysed_fluid_change_rate units="1/min">0</lysed_fluid_change_rate>
							<cytoplasmic_biomass_change_rate units="1/min">1.66667e-02</cytoplasmic_biomass_change_rate>
							<nuclear_biomass_change_rate units="1/min">5.83333e-03</nuclear_biomass_change_rate>
							<calcification_rate units="1/min">0</calcification_rate>
							<relative_rupture_volume units="dimensionless">2.0</relative_rupture_volume>
						</parameters>
					</model>

					<model code="101" name="necrosis">
						<death_rate units="1/min">0.0</death_rate>
						<phase_transition_rates units="1/min">
							<rate end_index="1" fixed_duration="false" start_index="0">9e9</rate>
							<rate end_index="2" fixed_duration="true" start_index="1">1.15741e-5</rate>
						</phase_transition_rates>
						<parameters>
							<unlysed_fluid_change_rate units="1/min">0.05</unlysed_fluid_change_rate>
							<lysed_fluid_change_rate units="1/min">0</lysed_fluid_change_rate>
							<cytoplasmic_biomass_change_rate units="1/min">1.66667e-02</cytoplasmic_biomass_change_rate>
							<nuclear_biomass_change_rate units="1/min">5.83333e-03</nuclear_biomass_change_rate>
							<calcification_rate units="1/min">0</calcification_rate>
							<relative_rupture_volume units="dimensionless">2.0</relative_rupture_volume>
						</parameters>
					</model>
				</death>

				<volume>
					<total units="micron^3">1437</total>
					<fluid_fraction units="dimensionless">0.75</fluid_fraction>
					<nuclear units="micron^3">143.7</nuclear>

					<fluid_change_rate units="1/min">0.05</fluid_change_rate>
					<cytoplasmic_biomass_change_rate units="1/min">0.045</cytoplasmic_biomass_change_rate>
					<nuclear_biomass_change_rate units="1/min">0.0055</nuclear_biomass_change_rate>

					<calcified_fraction units="dimensionless">0</calcified_fraction>
					<calcification_rate units="1/min">0</calcification_rate>

					<relative_rupture_volume units="dimensionless">2.0</relative_rupture_volume>
				</volume>

				<mechanics>
					<cell_cell_adhesion_strength units="micron/min">0.4</cell_cell_adhesion_strength>
					<cell_cell_repulsion_strength units="micron/min">10.0</cell_cell_repulsion_strength>
					<relative_maximum_adhesion_distance units="dimensionless">1.25</relative_maximum_adhesion_distance>

					<options>
						<set_relative_equilibrium_distance enabled="false" units="dimensionless">1.8</set_relative_equilibrium_distance>
						<set_absolute_equilibrium_distance enabled="false" units="micron">15.12</set_absolute_equilibrium_distance>
					</options>
				</mechanics>

				<motility>
					<speed units="micron/min">19</speed>
					<persistence_time units="min">5</persistence_time>
					<migration_bias units="dimensionless">0.91</migration_bias>

					<options>
						<enabled>true</enabled>
						<use_2D>true</use_2D>
						<chemotaxis>
							<enabled>true</enabled>
							<substrate>debris</substrate>
							<direction>1</direction>
						</chemotaxis>
					</options>
				</motility>

				<secretion>
					<substrate name="pro-inflammatory cytokine">
						<secretion_target units="dimensionless substrate concentration">1</secretion_target>
						<uptake_rate units="1/min">0.01</uptake_rate>
					</substrate>
					<substrate name="chemokine">
						<secretion_target units="dimensionless substrate concentration">1</secretion_target>
						<uptake_rate units="1/min">0.01</uptake_rate>
					</substrate>
					<substrate name="debris">
						<secretion_target units="dimensionless substrate concentration">1</secretion_target>
						<uptake_rate units="1/min">0.1</uptake_rate>
					</substrate>
					<substrate name="anti-inflammatory cytokine">
						<secretion_target units="dimensionless substrate concentration">1</secretion_target>
						<uptake_rate units="1/min">0.0</uptake_rate>
					</substrate>
				</secretion>
				<molecular />
			</phenotype>
			<custom_data>
				<division_generation description="generation of cell" type="int" units="none">0</division_generation>
				<neoantigen_type description="type of neoantigen (clonal=0, shared=1, and subclonal=2)" type="int" units="none">0</neoantigen_type>
				<last_cycle_entry_time description="last cycle entry time" type="double" units="none">0</last_cycle_entry_time>
				<!--<max_infected_apoptosis_rate description="maximum rate of cell apoptosis due to pathogen infection" type="double" units="1/min">0.002</max_infected_apoptosis_rate>-->
				<max_apoptosis_half_max description="pathogen load at which cells reach half max apoptosis rate" type="double" units="neoantigens">250</max_apoptosis_half_max>
				<!--<apoptosis_hill_power description="Hill power for pathogen load apoptosis response" type="double" units="none">1</apoptosis_hill_power>-->
				<melanoma_cell_chemokine_secretion_rate description="max rate that melanoma cells secrete chemokine" type="double" units="1/min">1</melanoma_cell_chemokine_secretion_rate>
				<debris_secretion_rate description="rate that dead cells release debris" type="double" units="1/min">1</debris_secretion_rate>
				<melanoma_cell_chemokine_secretion_activated description="used internally to track activation of chemokine secretion" type="double" units="none">0</melanoma_cell_chemokine_secretion_activated>

				<TCell_contact_time description="tracks total contact time with CD8 T cells" type="double" units="min">0.0</TCell_contact_time>
				<cell_attachment_rate description="the rate at which the cell attaches to cells in contact" type="double" units="1/min">0</cell_attachment_rate>
				<cell_attachment_lifetime description="the mean duration of a cell-cell attachment" type="double" units="min">0</cell_attachment_lifetime>
				<TCell_contact_death_threshold description="threshold CD8 T cell contact time to trigger apoptosis" type="double" units="min">50</TCell_contact_death_threshold>
				<max_attachment_distance desription="max distance at which to form a cell-cell attachment" type="double" units="micron">15</max_attachment_distance>
				<!-- <elastic_attachment_coefficient description="elastic coefficient for cell-cell attachment" type="double" units="1/min">0.01</elastic_attachment_coefficient>-->

				<time_to_next_phagocytosis description="time it takes for the apoptotic material to be phagocytosed" type="double" units="min">0</time_to_next_phagocytosis>
				<material_internalisation_rate desription="rate material is ingested by phagocyte" type="double" units="micron/min">1</material_internalisation_rate>
				<ability_to_phagocytose_melanoma_cell description="Boolean for whether macrophages can phagocytose melanoma cells" type="int" units="dimensionless">0</ability_to_phagocytose_melanoma_cell>

				<threshold_macrophage_volume desription="Threshold volume for macrophage exhaustion" type="double" units="micron">6500</threshold_macrophage_volume>
				<threshold_neutrophil_volume desription="Threshold volume for neutrophil exhaustion" type="double" units="micron">1581</threshold_neutrophil_volume>

				<exhausted_macrophage_death_rate desription="Threshold volume for neutrophil exhaustion" type="double" units="1/min">0.01</exhausted_macrophage_death_rate>

				<!-- <time_of_DC_departure description="Time DC leaves tissue after activation" type="double" units="min">0</time_of_DC_departure> -->

				<phagocytosis_rate desription="rate of phagocytosing a nearby target" type="double" units="1/min">0.167</phagocytosis_rate>
				<phagocytosis_relative_target_cutoff_size desription="relative target cutoff size for phagocytosis" type="double" units="dimensionless">0</phagocytosis_relative_target_cutoff_size>

				<sensitivity_to_debris_chemotaxis description="relative sensitivity to debris in chemotaxis" type="double" units="dimensionless">1.0</sensitivity_to_debris_chemotaxis>
				<sensitivity_to_chemokine_chemotaxis description="relative sensitivity to chemokine in chemotaxis" type="double" units="dimensionless">10.0</sensitivity_to_chemokine_chemotaxis>

				<activated_speed description="speed after activation" type="double" units="micron/min">0.4</activated_speed>
				<activated_cytokine_secretion_rate description="rate of secreting pro-inflamatory cytokine after activation" type="double" units="1/min">1</activated_cytokine_secretion_rate>

				<activated_immune_cell description="used internally to track activation state" type="double" units="dimensionless">0.0</activated_immune_cell>

				<antiinflammatory_cytokine_secretion_rate description="secretion rate of anti-inflammatory from infected epithelium cell" type="double" units="1/min">15</antiinflammatory_cytokine_secretion_rate>

			</custom_data>
		</cell_definition>

		<cell_definition ID="6" name="DC" parent="default">
			<phenotype>
				<cycle code="6" name="flow_cytometry_separated_cycle_model">

					<phase_transition_rates units="1/min">

						<rate end_index="1" fixed_duration="false" start_index="0">0</rate>


						<rate end_index="2" fixed_duration="true" start_index="1">0.00208333</rate>

						<rate end_index="3" fixed_duration="true" start_index="2">0.00416667</rate>

						<rate end_index="0" fixed_duration="true" start_index="3">0.0166667</rate>
					</phase_transition_rates>
				</cycle>

				<death>
					<model code="100" name="apoptosis">
						<death_rate units="1/min">8.9e-4</death_rate>
						<phase_transition_rates units="1/min">
							<rate end_index="1" fixed_duration="true" start_index="0">0.00193798</rate>
						</phase_transition_rates>
						<parameters>
							<unlysed_fluid_change_rate units="1/min">0.05</unlysed_fluid_change_rate>
							<lysed_fluid_change_rate units="1/min">0</lysed_fluid_change_rate>
							<cytoplasmic_biomass_change_rate units="1/min">1.66667e-02</cytoplasmic_biomass_change_rate>
							<nuclear_biomass_change_rate units="1/min">5.83333e-03</nuclear_biomass_change_rate>
							<calcification_rate units="1/min">0</calcification_rate>
							<relative_rupture_volume units="dimensionless">2.0</relative_rupture_volume>
						</parameters>
					</model>

					<model code="101" name="necrosis">
						<death_rate units="1/min">0.0</death_rate>
						<phase_transition_rates units="1/min">
							<rate end_index="1" fixed_duration="false" start_index="0">9e9</rate>
							<rate end_index="2" fixed_duration="true" start_index="1">1.15741e-5</rate>
						</phase_transition_rates>
						<parameters>
							<unlysed_fluid_change_rate units="1/min">0.05</unlysed_fluid_change_rate>
							<lysed_fluid_change_rate units="1/min">0</lysed_fluid_change_rate>
							<cytoplasmic_biomass_change_rate units="1/min">1.66667e-02</cytoplasmic_biomass_change_rate>
							<nuclear_biomass_change_rate units="1/min">5.83333e-03</nuclear_biomass_change_rate>
							<calcification_rate units="1/min">0</calcification_rate>
							<relative_rupture_volume units="dimensionless">2.0</relative_rupture_volume>
						</parameters>
					</model>
				</death>

				<volume>
					<total units="micron^3">1767</total>
					<fluid_fraction units="dimensionless">0.75</fluid_fraction>
					<nuclear units="micron^3">176.7</nuclear>

					<fluid_change_rate units="1/min">0.05</fluid_change_rate>
					<cytoplasmic_biomass_change_rate units="1/min">0.045</cytoplasmic_biomass_change_rate>
					<nuclear_biomass_change_rate units="1/min">0.0055</nuclear_biomass_change_rate>

					<calcified_fraction units="dimensionless">0</calcified_fraction>
					<calcification_rate units="1/min">0</calcification_rate>

					<relative_rupture_volume units="dimensionless">2.0</relative_rupture_volume>
				</volume>

				<mechanics>
					<cell_cell_adhesion_strength units="micron/min">0.4</cell_cell_adhesion_strength>
					<cell_cell_repulsion_strength units="micron/min">10.0</cell_cell_repulsion_strength>
					<relative_maximum_adhesion_distance units="dimensionless">1.25</relative_maximum_adhesion_distance>

					<options>
						<set_relative_equilibrium_distance enabled="false" units="dimensionless">1.8</set_relative_equilibrium_distance>
						<set_absolute_equilibrium_distance enabled="false" units="micron">15.12</set_absolute_equilibrium_distance>
					</options>
				</mechanics>

				<motility>
					<speed units="micron/min">2</speed>
					<persistence_time units="min">5</persistence_time>
					<migration_bias units="dimensionless">0.7</migration_bias>

					<options>
						<enabled>true</enabled>
						<use_2D>true</use_2D>
						<chemotaxis>
							<enabled>true</enabled>
							<substrate>chemokine</substrate>
							<direction>1</direction>
						</chemotaxis>
					</options>
				</motility>

				<secretion>
					<substrate name="pro-inflammatory cytokine">
						<secretion_target units="dimensionless substrate concentration">1</secretion_target>
						<uptake_rate units="1/min">0.01</uptake_rate>
					</substrate>
					<substrate name="chemokine">
						<secretion_target units="dimensionless substrate concentration">1</secretion_target>
						<uptake_rate units="1/min">0.01</uptake_rate>
					</substrate>
					<substrate name="debris">
						<secretion_target units="dimensionless substrate concentration">1</secretion_target>
						<uptake_rate units="1/min">0.1</uptake_rate>
					</substrate>
					<substrate name="anti-inflammatory cytokine">
						<secretion_target units="dimensionless substrate concentration">1</secretion_target>
						<uptake_rate units="1/min">0.0</uptake_rate>
					</substrate>
				</secretion>
				<molecular />
			</phenotype>
			<custom_data>
				<division_generation description="generation of cell" type="int" units="none">0</division_generation>
				<neoantigen_type description="type of neoantigen (clonal=0, shared=1, and subclonal=2)" type="int" units="none">0</neoantigen_type>
				<last_cycle_entry_time description="last cycle entry time" type="double" units="none">0</last_cycle_entry_time>
				<!--<max_infected_apoptosis_rate description="maximum rate of cell apoptosis due to pathogen infection" type="double" units="1/min">0.002</max_infected_apoptosis_rate>-->
				<max_apoptosis_half_max description="pathogen load at which cells reach half max apoptosis rate" type="double" units="neoantigens">250</max_apoptosis_half_max>
				<!--<apoptosis_hill_power description="Hill power for pathogen load apoptosis response" type="double" units="none">1</apoptosis_hill_power>-->
				<melanoma_cell_chemokine_secretion_rate description="max rate that melanoma cells secrete chemokine" type="double" units="1/min">1</melanoma_cell_chemokine_secretion_rate>
				<debris_secretion_rate description="rate that dead cells release debris" type="double" units="1/min">1</debris_secretion_rate>
				<melanoma_cell_chemokine_secretion_activated description="used internally to track activation of chemokine secretion" type="double" units="none">0</melanoma_cell_chemokine_secretion_activated>

				<TCell_contact_time description="tracks total contact time with CD8 T cells" type="double" units="min">0.0</TCell_contact_time>
				<cell_attachment_rate description="the rate at which the cell attaches to cells in contact" type="double" units="1/min">100.0</cell_attachment_rate>
				<cell_attachment_lifetime description="the mean duration of a cell-cell attachment" type="double" units="min">0</cell_attachment_lifetime>
				<TCell_contact_death_threshold description="threshold CD8 T cell contact time to trigger apoptosis" type="double" units="min">50</TCell_contact_death_threshold>
				<max_attachment_distance desription="max distance at which to form a cell-cell attachment" type="double" units="micron">15</max_attachment_distance>
				<!-- <elastic_attachment_coefficient description="elastic coefficient for cell-cell attachment" type="double" units="1/min">0.01</elastic_attachment_coefficient>-->

				<time_to_next_phagocytosis description="time it takes for the apoptotic material to be phagocytosed" type="double" units="min">0</time_to_next_phagocytosis>
				<material_internalisation_rate desription="rate material is ingested by phagocyte" type="double" units="micron/min">1</material_internalisation_rate>
				<ability_to_phagocytose_melanoma_cell description="Boolean for whether macrophages can phagocytose melanoma cells" type="int" units="dimensionless">0</ability_to_phagocytose_melanoma_cell>

				<threshold_macrophage_volume desription="Threshold volume for macrophage exhaustion" type="double" units="micron">6500</threshold_macrophage_volume>
				<threshold_neutrophil_volume desription="Threshold volume for neutrophil exhaustion" type="double" units="micron">1581</threshold_neutrophil_volume>

				<exhausted_macrophage_death_rate desription="Threshold volume for neutrophil exhaustion" type="double" units="1/min">0.01</exhausted_macrophage_death_rate>

				<!-- <time_of_DC_departure description="Time DC leaves tissue after activation" type="double" units="min">0</time_of_DC_departure> -->

				<phagocytosis_rate desription="rate of phagocytosing a nearby target" type="double" units="1/min">0.167</phagocytosis_rate>
				<phagocytosis_relative_target_cutoff_size desription="relative target cutoff size for phagocytosis" type="double" units="dimensionless">0</phagocytosis_relative_target_cutoff_size>

				<sensitivity_to_debris_chemotaxis description="relative sensitivity to debris in chemotaxis" type="double" units="dimensionless">1.0</sensitivity_to_debris_chemotaxis>
				<sensitivity_to_chemokine_chemotaxis description="relative sensitivity to chemokine in chemotaxis" type="double" units="dimensionless">10.0</sensitivity_to_chemokine_chemotaxis>

				<activated_speed description="speed after activation" type="double" units="micron/min">0.4</activated_speed>
				<activated_cytokine_secretion_rate description="rate of secreting pro-inflamatory cytokine after activation" type="double" units="1/min">1</activated_cytokine_secretion_rate>

				<activated_immune_cell description="used internally to track activation state" type="double" units="dimensionless">0.0</activated_immune_cell>

				<antiinflammatory_cytokine_secretion_rate description="secretion rate of anti-inflammatory from infected epithelium cell" type="double" units="1/min">15</antiinflammatory_cytokine_secretion_rate>

			</custom_data>
		</cell_definition>

		<cell_definition ID="7" name="CD4 Tcell" parent="default">
			<phenotype>
				<cycle code="6" name="flow_cytometry_separated_cycle_model">

					<phase_transition_rates units="1/min">

						<rate end_index="1" fixed_duration="false" start_index="0">0</rate>


						<rate end_index="2" fixed_duration="true" start_index="1">0.00208333</rate>

						<rate end_index="3" fixed_duration="true" start_index="2">0.00416667</rate>

						<rate end_index="0" fixed_duration="true" start_index="3">0.0166667</rate>
					</phase_transition_rates>
				</cycle>

				<death>
					<model code="100" name="apoptosis">
						<death_rate units="1/min">2.8e-4</death_rate>
						<phase_transition_rates units="1/min">
							<rate end_index="1" fixed_duration="true" start_index="0">0.00193798</rate>
						</phase_transition_rates>
						<parameters>
							<unlysed_fluid_change_rate units="1/min">0.05</unlysed_fluid_change_rate>
							<lysed_fluid_change_rate units="1/min">0</lysed_fluid_change_rate>
							<cytoplasmic_biomass_change_rate units="1/min">1.66667e-02</cytoplasmic_biomass_change_rate>
							<nuclear_biomass_change_rate units="1/min">5.83333e-03</nuclear_biomass_change_rate>
							<calcification_rate units="1/min">0</calcification_rate>
							<relative_rupture_volume units="dimensionless">2.0</relative_rupture_volume>
						</parameters>
					</model>

					<model code="101" name="necrosis">
						<death_rate units="1/min">0.0</death_rate>
						<phase_transition_rates units="1/min">
							<rate end_index="1" fixed_duration="false" start_index="0">9e9</rate>
							<rate end_index="2" fixed_duration="true" start_index="1">1.15741e-5</rate>
						</phase_transition_rates>
						<parameters>
							<unlysed_fluid_change_rate units="1/min">0.05</unlysed_fluid_change_rate>
							<lysed_fluid_change_rate units="1/min">0</lysed_fluid_change_rate>
							<cytoplasmic_biomass_change_rate units="1/min">1.66667e-02</cytoplasmic_biomass_change_rate>
							<nuclear_biomass_change_rate units="1/min">5.83333e-03</nuclear_biomass_change_rate>
							<calcification_rate units="1/min">0</calcification_rate>
							<relative_rupture_volume units="dimensionless">2.0</relative_rupture_volume>
						</parameters>
					</model>
				</death>

				<volume>
					<total units="micron^3">478</total>
					<fluid_fraction units="dimensionless">0.75</fluid_fraction>
					<nuclear units="micron^3">47.8</nuclear>

					<fluid_change_rate units="1/min">0.05</fluid_change_rate>
					<cytoplasmic_biomass_change_rate units="1/min">0.0045</cytoplasmic_biomass_change_rate>
					<nuclear_biomass_change_rate units="1/min">0.0055</nuclear_biomass_change_rate>

					<calcified_fraction units="dimensionless">0</calcified_fraction>
					<calcification_rate units="1/min">0</calcification_rate>

					<relative_rupture_volume units="dimensionless">2.0</relative_rupture_volume>
				</volume>

				<mechanics>
					<cell_cell_adhesion_strength units="micron/min">0.4</cell_cell_adhesion_strength>
					<cell_cell_repulsion_strength units="micron/min">10.0</cell_cell_repulsion_strength>
					<relative_maximum_adhesion_distance units="dimensionless">1.25</relative_maximum_adhesion_distance>

					<options>
						<set_relative_equilibrium_distance enabled="false" units="dimensionless">1.8</set_relative_equilibrium_distance>
						<set_absolute_equilibrium_distance enabled="false" units="micron">15.12</set_absolute_equilibrium_distance>
					</options>
				</mechanics>

				<motility>
					<speed units="micron/min">4</speed>
					<persistence_time units="min">5</persistence_time>
					<migration_bias units="dimensionless">0.70</migration_bias>

					<options>
						<enabled>true</enabled>
						<use_2D>true</use_2D>
						<chemotaxis>
							<enabled>true</enabled>
							<substrate>chemokine</substrate>
							<direction>1</direction>
						</chemotaxis>
					</options>
				</motility>

				<secretion>
					<substrate name="pro-inflammatory cytokine">
						<secretion_target units="dimensionless substrate concentration">1</secretion_target>
						<uptake_rate units="1/min">0.01</uptake_rate>
					</substrate>
					<substrate name="chemokine">
						<secretion_target units="dimensionless substrate concentration">1</secretion_target>
						<uptake_rate units="1/min">0.01</uptake_rate>
					</substrate>
					<substrate name="debris">
						<secretion_target units="dimensionless substrate concentration">1</secretion_target>
						<uptake_rate units="1/min">0.1</uptake_rate>
					</substrate>
					<substrate name="anti-inflammatory cytokine">
						<secretion_target units="dimensionless substrate concentration">1</secretion_target>
						<uptake_rate units="1/min">0.0</uptake_rate>
					</substrate>
				</secretion>
				<molecular />
			</phenotype>
			<custom_data>
				<division_generation description="generation of cell" type="int" units="none">0</division_generation>
				<neoantigen_type description="type of neoantigen (clonal=0, shared=1, and subclonal=2)" type="int" units="none">0</neoantigen_type>
				<last_cycle_entry_time description="last cycle entry time" type="double" units="none">0</last_cycle_entry_time>
				<!--<max_infected_apoptosis_rate description="maximum rate of cell apoptosis due to pathogen infection" type="double" units="1/min">0.002</max_infected_apoptosis_rate>-->
				<max_apoptosis_half_max description="pathogen load at which cells reach half max apoptosis rate" type="double" units="neoantigens">250</max_apoptosis_half_max>
				<!--<apoptosis_hill_power description="Hill power for pathogen load apoptosis response" type="double" units="none">1</apoptosis_hill_power>-->
				<melanoma_cell_chemokine_secretion_rate description="max rate that melanoma cells secrete chemokine" type="double" units="1/min">1</melanoma_cell_chemokine_secretion_rate>
				<debris_secretion_rate description="rate that dead cells release debris" type="double" units="1/min">1</debris_secretion_rate>
				<melanoma_cell_chemokine_secretion_activated description="used internally to track activation of chemokine secretion" type="double" units="none">0</melanoma_cell_chemokine_secretion_activated>

				<TCell_contact_time description="tracks total contact time with CD8 T cells" type="double" units="min">0.0</TCell_contact_time>
				<cell_attachment_rate description="the rate at which the cell attaches to cells in contact" type="double" units="1/min">0</cell_attachment_rate>
				<cell_attachment_lifetime description="the mean duration of a cell-cell attachment" type="double" units="min">0</cell_attachment_lifetime>
				<TCell_contact_death_threshold description="threshold CD8 T cell contact time to trigger apoptosis" type="double" units="min">50</TCell_contact_death_threshold>
				<max_attachment_distance desription="max distance at which to form a cell-cell attachment" type="double" units="micron">15</max_attachment_distance>
				<!-- <elastic_attachment_coefficient description="elastic coefficient for cell-cell attachment" type="double" units="1/min">0.01</elastic_attachment_coefficient>-->

				<time_to_next_phagocytosis description="time it takes for the apoptotic material to be phagocytosed" type="double" units="min">0</time_to_next_phagocytosis>
				<material_internalisation_rate desription="rate material is ingested by phagocyte" type="double" units="micron/min">1</material_internalisation_rate>
				<ability_to_phagocytose_melanoma_cell description="Boolean for whether macrophages can phagocytose melanoma cells" type="int" units="dimensionless">0</ability_to_phagocytose_melanoma_cell>

				<threshold_macrophage_volume desription="Threshold volume for macrophage exhaustion" type="double" units="micron">6500</threshold_macrophage_volume>
				<threshold_neutrophil_volume desription="Threshold volume for neutrophil exhaustion" type="double" units="micron">1581</threshold_neutrophil_volume>

				<exhausted_macrophage_death_rate desription="Threshold volume for neutrophil exhaustion" type="double" units="1/min">0.01</exhausted_macrophage_death_rate>

				<!-- <time_of_DC_departure description="Time DC leaves tissue after activation" type="double" units="min">0</time_of_DC_departure> -->

				<phagocytosis_rate desription="rate of phagocytosing a nearby target" type="double" units="1/min">0.167</phagocytosis_rate>
				<phagocytosis_relative_target_cutoff_size desription="relative target cutoff size for phagocytosis" type="double" units="dimensionless">0</phagocytosis_relative_target_cutoff_size>

				<sensitivity_to_debris_chemotaxis description="relative sensitivity to debris in chemotaxis" type="double" units="dimensionless">1.0</sensitivity_to_debris_chemotaxis>
				<sensitivity_to_chemokine_chemotaxis description="relative sensitivity to chemokine in chemotaxis" type="double" units="dimensionless">10.0</sensitivity_to_chemokine_chemotaxis>

				<activated_speed description="speed after activation" type="double" units="micron/min">0.4</activated_speed>
				<activated_cytokine_secretion_rate description="rate of secreting pro-inflamatory cytokine after activation" type="double" units="1/min">1</activated_cytokine_secretion_rate>

				<activated_immune_cell description="used internally to track activation state" type="double" units="dimensionless">0.0</activated_immune_cell>

				<antiinflammatory_cytokine_secretion_rate description="secretion rate of anti-inflammatory from infected epithelium cell" type="double" units="1/min">15</antiinflammatory_cytokine_secretion_rate>

			</custom_data>
		</cell_definition>

	</cell_definitions>


	<user_parameters>
		<random_seed type="int" units="dimensionless">0</random_seed>

		<rate_neoantigen_variability description="rate of element alteration for neoantigen signature (poisson dist)" type="double" units="dimensionless">0.0</rate_neoantigen_variability>
		<boolean_vector_size description="size of boolean vector to neoantigen signature" type="int" units="dimensionless">10</boolean_vector_size>
		<percentage_clonal_neoantigen description="percentage clonal neoantigen" type="double" units="dimensionless">0.15</percentage_clonal_neoantigen>
		<percentage_subclonal_neoantigen description="percentage subclonal neoantigen" type="double" units="dimensionless">0.38</percentage_subclonal_neoantigen>
	  <probability_recog_clonal_neoantigen description="probability to recog clonal neoantigen" type="double" units="dimensionless">0.15</probability_recog_clonal_neoantigen>
		<probability_recog_subclonal_neoantigen description="probability to recog subclonal neoantigen" type="double" units="dimensionless">0.25</probability_recog_subclonal_neoantigen>
		<probability_recog_shared_neoantigen description="probability to recog shared neoantigen" type="double" units="dimensionless">0.25</probability_recog_shared_neoantigen>

		<half_hamming_distance description="Hamming distance with a half probability of recognition" type="double" units="dimensionless">2.0</half_hamming_distance>
		<hill_coefficient_recognition description="Hill coefficient for recognition function" type="double" units="dimensionless">5.0</hill_coefficient_recognition>

		<prolif_rate_CancerCell description="proliferation rate of melanoma cell" type="double" units="dimensionless">0.002</prolif_rate_CancerCell>

		<div_immune description="--Immune activation parameters--" type="divider" />
		<immune_dt description="how often we check to introduce immune cells" type="double" units="min">10</immune_dt>

		<!--<immune_z_offset description="immune cell position over the epithelium" type="double" units="micron">0</immune_z_offset> -->

		<macrophage_max_recruitment_rate description="max macrophage recruitment rate (for saturated signal)" type="double" units="cells/min/micron^3">4e-9</macrophage_max_recruitment_rate>
		<macrophage_recruitment_min_signal description="min concentration to attract macrophages" type="double" units="substrate/micron^3">0.1</macrophage_recruitment_min_signal>
		<macrophage_recruitment_saturation_signal description="saturating concentration to attract macrophages" type="double" units="substrate/micron^3">0.3</macrophage_recruitment_saturation_signal>

		<neutrophil_max_recruitment_rate description="max neutrophil recruitment rate (for saturated signal)" type="double" units="cells/min/micron^3">4e-9</neutrophil_max_recruitment_rate>
		<neutrophil_recruitment_min_signal description="min concentration to attract neutrophils" type="double" units="substrate/micron^3">0.1</neutrophil_recruitment_min_signal>
		<neutrophil_recruitment_saturation_signal description="saturating concentration to attract neutrophils" type="double" units="substrate/micron^3">0.3</neutrophil_recruitment_saturation_signal>


		<TC_death_rate description="TC death rate" type="double" units="cells/min">0.0000014</TC_death_rate>
		<max_activation_TC description="max activation TC" type="double" units="cells/min">0.003</max_activation_TC>
		<half_max_activation_TC description="half max activation TC" type="double" units="cells">2000</half_max_activation_TC>
		<max_clearance_TC description="max clearance TC" type="double" units="cells/min">0.0007</max_clearance_TC>
		<half_max_clearance_TC description="half max clearance TC" type="double" units="cells">200</half_max_clearance_TC>
		<TC_population_threshold description="TC population threshold" type="double" units="cells">10</TC_population_threshold>
		<T_Cell_Recruitment description="T cell recruitment rate to tissue" type="double" units="cells/min">0.00011</T_Cell_Recruitment>
		<DM_decay description="DM decay rate" type="double" units="cells/min">0.00035</DM_decay>


		<div_initialization description="---Initialization Options--" type="divider" />
		<cell_confluence_lung_cells description="cell confluence of normal cell in tissue" type="double" units="none">0.7</cell_confluence_lung_cells>
		<number_of_melanoma_cells description="initial number of melanoma cells in tissue" type="int" units="none">5</number_of_melanoma_cells>
		<number_of_CD8_Tcells description="initial number of CD8 T cells in tissue" type="int" units="none">0</number_of_CD8_Tcells>
		<number_of_macrophages description="initial number of macrophages" type="int" units="none">20</number_of_macrophages>
		<number_of_neutrophils description="initial number of neutrophils" type="int" units="none">0</number_of_neutrophils>
		<number_of_DCs description="initial number of Dendritic Cells" type="int" units="none">10</number_of_DCs>
		<number_of_CD4_Tcells description="initial number of CD4 Tcells in tissue" type="int" units="none">0</number_of_CD4_Tcells>

		<DC_induced_CD8_proliferation description="DC induced CD8 proliferation rate" type="double" units="cells/min/micron^3">0.00208</DC_induced_CD8_proliferation>
		<DC_induced_CD8_attachment description="DC induced CD8 attachement rate" type="double" units="cells/min/micron^3">0.6</DC_induced_CD8_attachment>

		<departure_rate_of_DCs description="Departure rate of activated DCs" type="double" units="cells/min/micron^3">0.001</departure_rate_of_DCs>

		<DS_needed_for_DC_activation descriptions="Number of neoantigens needed to activate DC" type="int" units="neoantigens">10</DS_needed_for_DC_activation>-->

		<epsilon_distance descriptions="Multiple of interaction distance for immune cells" type="double" units="dimensionless">1.75</epsilon_distance>

		<percentage_tissue_vascularized description="percentage of tissue sitting above blood vessels" type="double" units="percentage">8.8</percentage_tissue_vascularized>

		<div_colors description="---Cell Color Options--" type="divider" />
		<color_variable description="color cells based on this variable" type="string">division_generation</color_variable>

		<epithelial_opacity description="opacity of epithelial cells" type="double">0.65</epithelial_opacity>
		<non_epithelial_opacity description="opacity of non-epithelial cells" type="double">0.8</non_epithelial_opacity>

		<apoptotic_epithelium_color description="apoptotic epithelial cell color" type="string">black</apoptotic_epithelium_color>
		<apoptotic_melanoma_color description="apoptotic melanoma cell color" type="string">gray</apoptotic_melanoma_color>
		<apoptotic_immune_color description="apoptotic immune cell color" type="string">rosybrown</apoptotic_immune_color>


		<melanoma_color description="melanoma cell color" type="string">yellow</melanoma_color>
		<CD8_Tcell_color description="CD8 T cell color" type="string">red</CD8_Tcell_color>
		<CD4_Tcell_color description="CD4 T cell color" type="string">orange</CD4_Tcell_color>
		<Macrophage_color description="macrophage color" type="string">rgb(35,139,69)</Macrophage_color>
		<activated_macrophage_color description="color of activated macrophage" type="string">lime</activated_macrophage_color>
		<exhausted_macrophage_color description="color of exhausted macrophage" type="string">rgb(116,196,118)</exhausted_macrophage_color>
		<hyperactivated_macrophage_color description="color of hyperactivated macrophage" type="string">rgb(168,221,181)</hyperactivated_macrophage_color>
		<Neutrophil_color description="neutrophil color" type="string">cyan</Neutrophil_color>
		<DC_color description="DC color" type="string">rgb(129,15,124)</DC_color>
		<activated_DC_color description="DC color" type="string">deeppink</activated_DC_color>

	</user_parameters>

</PhysiCell_settings>
